{
  "summary": {
    "0.0": {
      "fear": 0.275,
      "curiosity": 0.375,
      "anger": 0.4,
      "joy": 0.275,
      "total": 1.3250000000000002
    },
    "1.0": {
      "fear": 0.225,
      "curiosity": 0.25,
      "anger": 0.35,
      "joy": 0.225,
      "total": 1.05
    },
    "2.0": {
      "fear": 0.125,
      "curiosity": 0.2,
      "anger": 0.4,
      "joy": 0.175,
      "total": 0.9000000000000001
    },
    "3.0": {
      "fear": 0.15,
      "curiosity": 0.25,
      "anger": 0.325,
      "joy": 0.125,
      "total": 0.8500000000000001
    }
  },
  "effect_sizes": {
    "1.0": 0.11638346271293634,
    "2.0": 0.21103599623739752,
    "3.0": 0.23075993134261877
  },
  "best_scale": 3.0,
  "best_d": 0.23075993134261877,
  "verdict": "SMALL"
}