{
  "summary": {
    "Baseline (no steering)": {
      "fear": 0.34375,
      "curiosity": 0.40625,
      "anger": 0.40625,
      "joy": 0.1875,
      "total": 1.34375
    },
    "Layer 0, scale=3.0": {
      "fear": 0.15625,
      "curiosity": 0.375,
      "anger": 0.375,
      "joy": 0.28125,
      "total": 1.1875
    },
    "Layer 0, scale=4.0": {
      "fear": 0.15625,
      "curiosity": 0.375,
      "anger": 0.375,
      "joy": 0.28125,
      "total": 1.1875
    },
    "Layer 0, scale=5.0": {
      "fear": 0.21875,
      "curiosity": 0.28125,
      "anger": 0.53125,
      "joy": 0.28125,
      "total": 1.3125
    },
    "Layer 0, scale=6.0": {
      "fear": 0.25,
      "curiosity": 0.15625,
      "anger": 0.5625,
      "joy": 0.3125,
      "total": 1.28125
    },
    "Layers 0+16+17, scale=2.0": {
      "fear": 0.125,
      "curiosity": 0.3125,
      "anger": 0.40625,
      "joy": 0.1875,
      "total": 1.03125
    },
    "Layers 0+16+17, scale=3.0": {
      "fear": 0.21875,
      "curiosity": 0.3125,
      "anger": 0.53125,
      "joy": 0.21875,
      "total": 1.28125
    },
    "Layers 0+16+17, scale=4.0": {
      "fear": 0.1875,
      "curiosity": 0.34375,
      "anger": 0.5,
      "joy": 0.21875,
      "total": 1.25
    },
    "L0(4.0)+L16,17(1.0)": {
      "fear": 0.15625,
      "curiosity": 0.21875,
      "anger": 0.46875,
      "joy": 0.28125,
      "total": 1.125
    }
  },
  "effect_sizes": {
    "Layer 0, scale=3.0": 0.10757945057070803,
    "Layer 0, scale=4.0": 0.10721180655224223,
    "Layer 0, scale=5.0": 0.14706001213387512,
    "Layer 0, scale=6.0": 0.2165329697380929,
    "Layers 0+16+17, scale=2.0": 0.0968500747202852,
    "Layers 0+16+17, scale=3.0": 0.1104721230054212,
    "Layers 0+16+17, scale=4.0": 0.100934525143324,
    "L0(4.0)+L16,17(1.0)": 0.18219085696766046
  },
  "best_config": "Layer 0, scale=6.0",
  "best_d": 0.2165329697380929,
  "ranked": [
    [
      "Layer 0, scale=6.0",
      0.2165329697380929
    ],
    [
      "L0(4.0)+L16,17(1.0)",
      0.18219085696766046
    ],
    [
      "Layer 0, scale=5.0",
      0.14706001213387512
    ],
    [
      "Layers 0+16+17, scale=3.0",
      0.1104721230054212
    ],
    [
      "Layer 0, scale=3.0",
      0.10757945057070803
    ],
    [
      "Layer 0, scale=4.0",
      0.10721180655224223
    ],
    [
      "Layers 0+16+17, scale=4.0",
      0.100934525143324
    ],
    [
      "Layers 0+16+17, scale=2.0",
      0.0968500747202852
    ]
  ]
}