{
  "No steering": {
    "fear": 0.3333333333333333,
    "curiosity": 1.0,
    "anger": 0.3333333333333333,
    "joy": 0.3333333333333333
  },
  "All layers (scale=1.0)": {
    "fear": 0.0,
    "curiosity": 1.6666666666666667,
    "anger": 0.6666666666666666,
    "joy": 0.0
  },
  "All layers (scale=2.0)": {
    "fear": 0.0,
    "curiosity": 2.0,
    "anger": 0.6666666666666666,
    "joy": 0.0
  },
  "Early layers only (0-3)": {
    "fear": 0.6666666666666666,
    "curiosity": 1.6666666666666667,
    "anger": 0.6666666666666666,
    "joy": 0.0
  },
  "Middle layers (12-16)": {
    "fear": 0.6666666666666666,
    "curiosity": 2.0,
    "anger": 0.6666666666666666,
    "joy": 0.0
  },
  "Late layers (24-27)": {
    "fear": 0.3333333333333333,
    "curiosity": 1.3333333333333333,
    "anger": 0.3333333333333333,
    "joy": 0.3333333333333333
  },
  "High-variance layers": {
    "fear": 0.0,
    "curiosity": 1.0,
    "anger": 0.3333333333333333,
    "joy": 0.0
  }
}