{
  "summary": {
    "baseline": {
      "fear": 0.5833333333333334,
      "curiosity": 0.5416666666666666,
      "anger": 0.4166666666666667,
      "joy": 0.375,
      "total": 1.9166666666666667
    },
    "original": {
      "fear": 0.375,
      "curiosity": 0.875,
      "anger": 0.125,
      "joy": 0.2916666666666667,
      "total": 1.6666666666666667
    },
    "pca": {
      "fear": 0.2916666666666667,
      "curiosity": 0.5833333333333334,
      "anger": 0.3333333333333333,
      "joy": 0.20833333333333334,
      "total": 1.4166666666666665
    }
  },
  "pca_wins": 2,
  "original_wins": 2,
  "ties": 0,
  "verdict": "SIMILAR"
}