{
  "summary": {
    "baseline": {
      "fear": 0.5833333333333334,
      "curiosity": 0.4166666666666667,
      "anger": 0.4166666666666667,
      "joy": 0.2916666666666667,
      "total": 1.7083333333333335
    },
    "trained": {
      "fear": 0.375,
      "curiosity": 0.7916666666666666,
      "anger": 0.125,
      "joy": 0.20833333333333334,
      "total": 1.4999999999999998
    },
    "random": {
      "fear": 0.375,
      "curiosity": 0.7083333333333334,
      "anger": 0.375,
      "joy": 0.20833333333333334,
      "total": 1.6666666666666667
    }
  },
  "trained_wins": 0,
  "random_wins": 1,
  "ties": 3,
  "verdict": "INCONCLUSIVE",
  "total_trained_lift": -0.2083333333333337,
  "total_random_lift": -0.04166666666666674
}